<!-- <DataPowerSpecific>
	<DPUserName>blakshmi</DPUserName>
	<DPPassword>Bhagya93@</DPPassword>
	<DPXMLManageIFUrl>https://10.0.10.228:5550/service/mgmt/current</DPXMLManageIFUrl>
	<Algorithm>http://www.w3.org/2001/04/xmlenc#aes128-cbc</Algorithm>
	<DPDomain>DTE_OMS</DPDomain>
	<ClientSSL>DPDomain</ClientSSL>
</DataPowerSpecific> -->

<DataPowerSpecific>
	<DPUserName>blakshmi</DPUserName>
	<DPPassword>Bhagya93@</DPPassword>
	<DPXMLManageIFUrl>https://10.0.10.228:5550/service/mgmt/current</DPXMLManageIFUrl>
	<DPDomain>DTE_OMS</DPDomain>
	<ClientSSL>DPDomain</ClientSSL>
	<Configuration>
		<System name='OMS'>
			<Interface name='MultiSpeak'>
				<Company>ABC</Company>
				<UserID>admin</UserID>
				<BuildString>PR</BuildString>
				<Build>3</Build>
				<MinorVersion>1</MinorVersion>
				<MajorVersion>4</MajorVersion>
				<Algorithm>http://www.w3.org/2001/04/xmlenc#aes128-cbc</Algorithm>
			</Interface>
		</System>
	</Configuration>
</DataPowerSpecific>