<m:MeterAlarm xmlns:dp="http://www.datapower.com/schemas/management" xmlns:env="http://schemas.xmlsoap.org/soap/envelope/" xmlns:m="http://meteralarm.esm.dteco.com/v2#"> <Header xmlns="http://esm.dteco.com/common/v1"> <Verb>created</Verb> <Noun>EndDeviceEvent</Noun> <Timestamp>2019-09-05T18:25:09Z</Timestamp> <Source>ESB</Source> <MessageID>7b81cfd1-3476-45dd-8a07-08cd1a1d4c8e</MessageID> <CorrelationID/> </Header> <EndDeviceEvents xmlns="http://iec.ch/TC57/2011/EndDeviceEvents#"> <EndDeviceEvent> <createdDateTime>2014-09-19T06:40:12.526Z</createdDateTime> <issuerID>Itron</issuerID> <issuerTrackingID>18001</issuerTrackingID> <Assets> <mRID>7000023</mRID> <Names> <name>2.16.840.1.114416.1.7.7000023</name> <NameType> <description>Electronic Serial Number</description> <name>ESN</name> </NameType> </Names> </Assets> <EndDeviceEventDetails> <name>TransformerID</name> <value ref=""/> </EndDeviceEventDetails> <EndDeviceEventDetails> <name>CircuitID</name> <value ref=""/> </EndDeviceEventDetails> <EndDeviceEventDetails> <name>VendorAlarmCategory</name> <value ref="PowerOutageOrRestoration"/> </EndDeviceEventDetails> <EndDeviceEventDetails> <name>VendorAlarmName</name> <value ref="Primary Power Up"/> </EndDeviceEventDetails> <EndDeviceEventType ref="3.26.1.216"/> <status> <dateTime>2014-09-19T06:41:12.526Z</dateTime> </status> <UsagePoint> <mRID/> </UsagePoint> </EndDeviceEvent> </EndDeviceEvents> </m:MeterAlarm>

