<MQ_HeaderValues>
	<!-- Sleep value is in seconds and RetryTime is in minutes-->
	<Sleep>1000</Sleep>
	<RetryTime>30</RetryTime>
	<!-- Dynamic Queue Manager and Queue Details-->
	<Interfaces>
		<PON>
			<QueueManager>mcep_ESBMQ</QueueManager>
			<OutputDestinationQueue>METERALARMS.OMS.CEP</OutputDestinationQueue>
			<LoggingQueue>METERALARMS.OMS.LOGGING</LoggingQueue>
			<Host>10.0.10.160</Host>
			<Port>1418</Port>
			<Channel>mcep_ESBMQ_SrvrChnl</Channel>	
		</PON>
		<PRN>
			<QueueManager>mas_ESBMQ_DTE</QueueManager>
			<OutputDestinationQueue>MAS.ESM.TO.OMS</OutputDestinationQueue>
			<LoggingQueue>MAS.OMS.LOGGING</LoggingQueue>
			<Host>10.0.10.160</Host>
			<Port>1420</Port>
			<Channel>mas_ESBMQ_SrvrChnl</Channel>
		</PRN>
		<Common>
			<QueueManager>CommonFramework</QueueManager>
			<RetryQueue>RETRY.IIB.QUEUE</RetryQueue>
			<Host>10.0.10.160</Host>
			<Port>1421</Port>
			<Channel>CmnFrmwrk_SrvrChnl</Channel>
		</Common>
	</Interfaces>
	<MQMD>
		<Version>2</Version>
		<Format>MQHRF2  </Format>
	</MQMD>
	<MQRFH2>
		<StrucId>RFH</StrucId>
		<Version>2</Version>
		<Format>MQSTR  </Format>
		<CodedCharSetId>819</CodedCharSetId>
		<Flags>0</Flags>
		<NameValueCCSID>1208</NameValueCCSID>
	</MQRFH2>
</MQ_HeaderValues>