<?xml version="1.0" encoding="UTF-8"?>
<!DOCTYPE log4j:configuration SYSTEM "log4j.dtd">

<log4j:configuration xmlns:log4j='http://jakarta.apache.org/log4j/'>

        
    <appender name="FILE_WITH_FILTER" class="org.apache.log4j.FileAppender">
        <param name="Threshold" value="WARN"/>
        <param name="File" value="C:/temp/Log4jTest_filterMyFlow.log"/>
        <layout class="org.apache.log4j.PatternLayout">
            <param name="ConversionPattern" value="%d{HH:mm:ss,SSS} %-5p [%-10t] %m%n"/>
        </layout>
        <filter class="com.ibm.log4j.filter.ThreadFilter">
        	<param name="matchPattern" value="/MyFlow/"/>
        	<param name="acceptOnMatch" value="true"/>
        </filter>
        <filter class="com.ibm.log4j.filter.ThreadFilter">
        	<param name="matchPattern" value="/.*/"/>
        	<param name="acceptOnMatch" value="false"/>
        </filter>
    </appender>

    <appender name="FILE_DEFAULT" class="org.apache.log4j.FileAppender">
        <param name="Threshold" value="WARN"/>
        <param name="File" value="C:/temp/Log4jTest_default.log"/>
        <layout class="org.apache.log4j.PatternLayout">
            <param name="ConversionPattern" value="%d{HH:mm:ss,SSS} %-5p [%-10t] %m%n"/>
        </layout>
    </appender>

    <appender name="FILE_OTHER" class="org.apache.log4j.FileAppender">
        <param name="Threshold" value="WARN"/>
        <param name="File" value="C:/temp/Log4jTest_other.log"/>
        <layout class="org.apache.log4j.PatternLayout">
            <param name="ConversionPattern" value="%d{HH:mm:ss,SSS} %-5p [%-10t] %m%n"/>
        </layout>
    </appender>

    <logger name="default">
	<level value="WARN"/>
	<appender-ref ref="FILE_DEFAULT"/>
    </logger>

    <logger name="other">
	<level value="WARN"/>
	<appender-ref ref="FILE_OTHER"/>
    </logger>

    <root>
        <appender-ref ref="FILE_WITH_FILTER"/>
    </root>

</log4j:configuration>