<MQ_HeaderValues>
	<!-- Sleep value is in seconds and RetryTime is in minutes-->
	<Sleep>1000</Sleep>
	<RetryTime>30</RetryTime>
	<!-- Dynamic Queue Manager values are in seconds -->
	<PONQueueManager>mcep_ESBMQ</PONQueueManager>
	<PRNQueueManager>mas_ESBMQ_DTE</PRNQueueManager>
	<PONRequestQueue>METERALARMS.OMS.IIB</PONRequestQueue>
	<PRNRequestQueue>MAS.ESM.TO.IIB</PRNRequestQueue>
	<MQMD>
		<Version>2</Version>
		<Format>MQHRF2  </Format>
	</MQMD>
	<MQRFH2>
		<StrucId>RFH</StrucId>
		<Version>2</Version>
		<Format>MQSTR  </Format>
		<CodedCharSetId>819</CodedCharSetId>
		<Flags>0</Flags>
		<NameValueCCSID>1208</NameValueCCSID>
	</MQRFH2>
</MQ_HeaderValues>